securityCode,securityName,scale,trackingIndex,trackIndex
510300.SH,沪深300ETF华泰柏瑞,108598383841.4,沪深300,000300.SH
518880.SH,黄金ETF华安,108138097267.2,SGE黄金9999,Au9999.SGE
588000.SH,科创50ETF华夏,96953613340.8,科创50,000688.SH
159915.SZ,创业板ETF易方达,67804587687.976,创业板指,399006.SZ
512880.SH,证券ETF国泰,60118240115.5,证券公司,399975.SZ
588200.SH,科创芯片ETF嘉实,50805658211.2,科创芯片,000685.SH
159516.SZ,半导体设备ETF国泰,44669008419.588,半导体材料设备,931743.CSI
510500.SH,中证500ETF南方,44554020138,中证500,000905.SH
515880.SH,通信ETF国泰,44543328896,通信设备,931160.CSI
588170.SH,科创半导体ETF华夏,43614674493,科创半导体材料设备,950125.SH
513180.SH,恒生科技ETF华夏,39452546003.5,恒生科技指数,HSTECH.HI
563360.SH,A500ETF华泰柏瑞,39195926086.2,中证A500,000510.CSI
159941.SZ,纳指ETF广发,38303723055.192,纳斯达克100,NDX.GI
513050.SH,中概互联网ETF易方达,35242008757.8,中国互联网50,h30533.CSI
159792.SZ,港股通互联网ETF富国,33444281827.98,港股通互联网,931637.CSI
512890.SH,红利低波ETF华泰柏瑞,30919107187.2,红利低波,h30269.CSI
159995.SZ,芯片ETF华夏,27896977165.824,国证芯片,980017.CNI
513500.SH,标普500ETF博时,27595459641,标普500净总回报,SPTR500N.SPI
513330.SH,恒生互联网ETF华夏,25945668080,恒生互联网科技业指数,HSIII.HI
159949.SZ,创业板50ETF华安,25312088123.201,创业板50,399673.SZ
512400.SH,有色金属ETF南方,24629973548,有色金属,000819.SH
512170.SH,医疗ETF华宝,24250778970,中证医疗,399989.SZ
510050.SH,上证50ETF华夏,23175746230,上证50,000016.SH
513120.SH,港股创新药ETF广发,22808048572.2,港股创新药,931787CNY00.CSI
159819.SZ,人工智能ETF易方达,21276554676.778,CS人工智,930713.CSI
512480.SH,半导体ETF国联安,20676349495.2,半导体,h30184.CSI
159570.SZ,港股通创新药ETF汇添富,20251261970.22,港股通创新药,987018.CNI
515450.SH,红利低波50ETF南方,20085965650,标普中国A股大盘红利低波50,SPCLLHCP.SPI
512100.SH,中证1000ETF南方,19998119870.4,中证1000,000852.SH
159509.SZ,纳指科技ETF景顺,19360968968.088,纳斯达克科技市值加权,NDXTMC.GI
515050.SH,通信ETF华夏,19167129778,5G通信,931079.CSI
510880.SH,红利ETF华泰柏瑞,18885970662.3,红利指数,000015.SH
159326.SZ,电网设备ETF华夏,18804952099.125,电网设备主题,931994.CSI
513090.SH,香港证券ETF易方达,17921616412,香港证券,930709.CSI
515180.SH,红利ETF易方达,17771205533,中证红利,000922.CSI
562500.SH,机器人ETF华夏,17296453938.2,机器人,h30590.CSI
510180.SH,上证180ETF华安,17284793433.9,上证180,000010.SH
159781.SZ,科创创业ETF易方达,16960883188.711,科创创业50,931643.CSI
159992.SZ,创新药ETF银华,16313546316.195,CS创新药,931152.CSI
159530.SZ,机器人ETF易方达,16251965185.545,CNIROBOT,980022.CNI
159201.SZ,自由现金流ETF华夏,15371699744.874,自由现金流,980092.CNI
159928.SZ,消费ETF汇添富,14970330134.08,中证消费,000932.SH
510210.SH,上证指数ETF富国,14908363563,上证指数,000001.SH
512010.SH,医药ETF易方达,14857222197.7,300医药,000913.SH
517520.SH,黄金股ETF永赢,14322488300,SSH黄金股票,931238.CSI
512690.SH,酒ETF鹏华,13234015132.2,中证酒,399987.SZ
512070.SH,证券保险ETF易方达,12990747645.7,300非银,h30035.CSI
159206.SZ,卫星ETF永赢,12816725410.525,卫星通信,980018.CNI
159870.SZ,化工ETF鹏华,12594367511.649,细分化工,000813.CSI
513310.SH,中韩半导体ETF华泰柏瑞,12097226680,中韩半导体,931790.CSI
513750.SH,港股通非银ETF广发,11842495056,港股通非银,931024.CSI
513630.SH,港股低波红利ETF摩根,11338366809,标普港股通低波红利指数,SPAHLVCP.SPI
512760.SH,芯片ETF国泰,10944390050,中华半导体芯片,990001.CSI
159636.SZ,港股通科技30ETF工银,10479398096.97,港股通科技,987008.CNI
515220.SH,煤炭ETF国泰,9947256948.1,中证煤炭,399998.SZ
512800.SH,银行ETF华宝,9822338716.5,中证银行,399986.SZ
513980.SH,港股科技ETF景顺,9593487136,港股通科技,931573.CSI
159259.SZ,成长ETF易方达,9558529696.573,成长100,980080.CNI
159852.SZ,软件ETF嘉实,9433996163.939,中证软件,930601.CSI
516650.SH,有色金属ETF华夏,9362294512.8,细分有色,000811.CSI
159611.SZ,电力ETF广发,9337497416,电力指数,h30199.CSI
513650.SH,标普500ETF南方,8907100020,标普500,SPX.GI
159263.SZ,价值ETF易方达,8530476107.758,价值100,980081.CNI
159869.SZ,游戏ETF华夏,8288008697.16,动漫游戏,930901.CSI
159920.SZ,恒生ETF华夏,8278663985.988,恒生指数,HSI.HI
560860.SH,工业有色ETF万家,8265132684,工业有色,h11059.CSI
518680.SH,金ETF富国,8106095171.5,上海金,SHAU.SGE
512660.SH,军工ETF国泰,7847492800,中证军工,399967.SZ
159363.SZ,创业板人工智能ETF华宝,7342200143.328,创业板人工智能,970070.CNI
512710.SH,军工龙头ETF富国,7046913400.8,军工龙头,931066.CSI
159545.SZ,港股通红利低波ETF易方达,6859119951.432,恒生港股通高股息低波动指数,HSHYLV.HI
159307.SZ,红利低波100ETF博时,6833127166.208,红利低波100,930955.CSI
159755.SZ,电池ETF广发,6820996196.242,新能电池,980032.CNI
159980.SZ,有色ETF大成,6657904466.982,上期有色金属指数,IMCI.SHF
588220.SH,科创100ETF鹏华,6652158522.1,科创100,000698.SH
515980.SH,人工智能ETF华富,6508457967,人工智能,931071.CSI
159865.SZ,养殖ETF国泰,6469998777.565,中证畜牧,930707.CSI
159851.SZ,金融科技ETF华宝,6337472201.244,金融科技,930986.CSI
516150.SH,稀土ETF嘉实,6245047820,稀土产业,930598.CSI
512950.SH,央企改革ETF华夏,6088081806,结构调整,000860.CSI
159316.SZ,港股通创新药ETF易方达,5985378156.375,恒生港股通创新药指数,HSSCID.HI
159967.SZ,创业板成长ETF华夏,5871714013.934,创成长,399296.SZ
561980.SH,半导体设备ETF招商,5860093900,中证半导,931865.CSI
563300.SH,中证2000ETF华泰柏瑞,5633452866,中证2000,932000.CSI
512040.SH,价值ETF富国,5569555500.5,国信价值,931052.CSI
515230.SH,软件ETF国泰,5451091357.5,软件指数,h30202.CSI
562800.SH,稀有金属ETF嘉实,5164061490,CS稀金属,930632.CSI
513530.SH,港股通红利ETF华泰柏瑞,5111535555.9,港股通高股息CNY,930915.CSI
159583.SZ,通信ETF富国,4987611206.892,通信设备主题,931271.CSI
515790.SH,光伏ETF华泰柏瑞,4843947610,光伏产业,931151.CSI
513060.SH,恒生医疗ETF博时,4828029574.3,恒生医疗保健指数,HSHCI.HI
510810.SH,上海国企ETF汇添富,4825290708,上海国企,950096.CSI
515800.SH,中证800ETF汇添富,4818320369.6,中证800,000906.SH
589720.SH,科创创新药ETF国泰,4743807417,科创新药,950161.CSI
159796.SZ,电池ETF汇添富,4712761234.7,CS电池,931719.CSI
159938.SZ,医药ETF广发,4562940627.624,全指医药,000991.SH
159262.SZ,港股通科技ETF广发,4514216474.79,恒生港股通科技主题指数,HSSCITI.HI
561380.SH,电网设备ETF国泰,4502328786,恒生A股电网设备指数,HSCAUPG.HI
159227.SZ,航空航天ETF华夏,4447618890.174,国证航天,CN5082.CNI
159691.SZ,港股红利ETF工银,4386758238.252,港股通高息精选,930839.CSI
159736.SZ,食品饮料ETF天弘,4357191996.146,CS食品饮,930653.CSI
159892.SZ,恒生医药ETF华夏,4216844285.556,恒生生物科技指数,HSBIO.HI
159859.SZ,生物医药ETF天弘,4208370901.168,生物医药,399441.SZ
159399.SZ,现金流ETF国泰,4191574691.815,富时中国A股自由现金流聚焦指数,888888.FI
159566.SZ,储能电池ETF易方达,4136710265.984,CNINEB,980027.CNI
512980.SH,传媒ETF广发,4133210886,中证传媒,399971.SZ
515000.SH,科技ETF华宝,4128680345.4,科技龙头,931087.CSI
512200.SH,房地产ETF南方,3946267917,房地产,931775.CSI
515170.SH,食品饮料ETF华夏,3931460360.3,细分食品,000815.CSI
513400.SH,道琼斯ETF鹏华,3925585344,道琼斯工业平均,DJI.GI
159883.SZ,医疗器械ETF永赢,3877292310.333,医疗器械,h30217.CSI
513920.SH,港股通央企红利ETF华安,3804791284,恒生港股通中国央企红利指数,HSSCSOY.HI
159901.SZ,深证100ETF易方达,3738784585.14,深证100,399330.SZ
159993.SZ,证券ETF鹏华,3657701397.462,证券龙头,399437.SZ
515900.SH,央企创新ETF博时,3657159339,央企创新,000861.CSI
159985.SZ,豆粕ETF华夏,3626727827.734,大商所豆粕期货价格指数,DCESMFI.DCE
516160.SH,新能源ETF南方,3591190428,中证新能,399808.SZ
515300.SH,300红利低波ETF嘉实,3553411161.6,300红利低波,930740.CSI
159981.SZ,能源化工ETF建信,3531969379.094,易盛能化A,000201.CZC
563230.SH,卫星ETF富国,3524346411,卫星产业,931594.CSI
513690.SH,港股红利ETF博时,3491257508.1,恒生港股通高股息率指数,HSSCHKY.HI
159605.SZ,中概互联ETF广发,3272318671.63,中国互联网30,930604.CSI
515650.SH,消费50ETF富国,3266743200,CS消费50,931139.CSI
512290.SH,生物医药ETF国泰,3248389293.3,CS生医,930726.CSI
510900.SH,恒生中国企业ETF易方达,3235386162.8,国企指数,HSCEI.HI
520990.SH,港股央企红利ETF景顺,3228838149,国新港股通央企红利,931722.CSI
159732.SZ,消费电子ETF华夏,3217654045.248,消费电子,980030.CNI
159506.SZ,港股通创新药医疗ETF富国,3217574278.435,恒生港股通医疗保健指数,HSSCHI.HI
562060.SH,标普A股红利ETF华宝,3106753900.8,标普A股红利,CSPSADRP.CI
159766.SZ,旅游ETF富国,3089025888.687,中证旅游,930633.CSI
159687.SZ,亚太精选ETF南方,3083996731.932,富时亚太低碳精选指数,GPCSP006.FI
513910.SH,港股通央企红利ETF华夏,3055934700,港股通央企红利,931233.CSI
159623.SZ,成渝经济圈ETF博时,3002180827.2,成渝经济圈,931695.CSI
513780.SH,港股创新药ETF景顺,2987515818,港股通创新药,931250.CSI
513160.SH,港股科技ETF银华,2892999291.8,恒生港股通中国科技指数,HSSCT.HI
513880.SH,日经225ETF华安,2817686250,日经225,N225.GI
588790.SH,科创AIETF博时,2694290288,科创AI,950180.CSI
159207.SZ,高股息ETF广发,2634830113.23,智选高股息,932305.CSI
159209.SZ,红利质量ETF招商,2594843164.519,中证红利质量,932315.CSI
520500.SH,恒生创新药ETF华泰柏瑞,2594598825,恒生创新药,HSIDI.HI
563390.SH,全指现金流ETF华泰柏瑞,2516285856,中证现金流,932365.CSI
516510.SH,云计算ETF易方达,2500933710,云计算,930851.CSI
561580.SH,央企红利ETF华泰柏瑞,2486713375,央企红利,000825.CSI
159593.SZ,中证A50ETF平安,2464259380.72,中证A50,930050.CSI
513850.SH,美国50ETF易方达,2451555839.8,MSCI美国50指数,750108.MI
517380.SH,创新药ETF天弘,2448430291.7,恒生沪深港创新药精选50指数,HSSSHID.HI
159625.SZ,绿色电力ETF嘉实,2378057383.947,绿色电力,399438.SZ
560050.SH,中国A50ETF汇添富,2304729676.8,MSCI中国A50互联互通,746059.MI
159667.SZ,工业母机ETF国泰,2233680626.034,中证机床,931866.CSI
516350.SH,芯片ETF易方达,2213114600.2,芯片产业,h30007.CSI
589680.SH,科创综指ETF鹏华,2186854198.8,科创综指,000680.SH
515030.SH,新能源车ETF华夏,2178424152,CS新能车,399976.SZ
159518.SZ,标普油气ETF嘉实,2138405797.689,标普石油天然气勘探及生产精选行业,SPSIOP.SPI
159929.SZ,医药ETF汇添富,2124750851.291,中证医药,000933.SH
560080.SH,中药ETF汇添富,2104021920,中证中药,930641.CSI
589070.SH,科创芯片设计ETF天弘,2102686803,科创芯片设计,950162.CSI
513820.SH,港股通红利ETF汇添富,2073485504,港股通高股息,930914.CSI
159131.SZ,港股通信息技术ETF华宝,2055961503.96,港股通信息C,930967.CSI
513190.SH,港股通金融ETF华夏,1995526176,港股通内地金融,h11146.CSI
560280.SH,工程机械ETF广发,1987374636,工程机械主题,931752.CSI
513800.SH,日本东证指数ETF南方,1962646893.6,东证指数,TPX.GI
588020.SH,科创成长ETF易方达,1954118835,科创成长,000690.SH
520880.SH,港股通创新药ETF华宝,1949741628,恒生港股通创新药精选指数,HSSCPB.HI
159698.SZ,粮食ETF鹏华,1908715492.832,国证粮食,399365.SZ
561360.SH,石油ETF国泰,1897987560,油气产业,h30198.CSI
513030.SH,德国ETF华安,1892733802,德国DAX,GDAXI.GI
513290.SH,纳指生物科技ETF汇添富,1872900607.6,纳斯达克生物技术,NBI.GI
510720.SH,红利国企ETF国泰,1832006044,上国红利,000151.SH
159502.SZ,标普生物科技ETF嘉实,1813571538.324,标普生物技术精选行业,SPSIBI.SPI
513550.SH,港股通50ETF华泰柏瑞,1801809216,港股通50,930931.CSI
159141.SZ,科创创业人工智能ETF永赢,1738500479.21,科创创业AI,932456.CSI
159692.SZ,证券ETF东财,1726307131.482,证券公司30,931412.CSI
517330.SH,长江保护ETF易方达,1724138057,长江保护,931554.CSI
512940.SH,有色ETF华安,1723207295,有色矿业,931892.CSI
159825.SZ,农业ETF富国,1714400661.924,中证农业,000949.CSI
512670.SH,国防ETF鹏华,1615742943.6,中证国防,399973.SZ
562550.SH,绿电ETF华夏,1611034566.9,绿色电力,931897.CSI
562950.SH,消费电子ETF易方达,1609503080.8,消费电子,931494.CSI
560710.SH,船舶ETF富国,1595311340,智选船舶产业,932420.CSI
159905.SZ,红利ETF工银,1588131713.943,深证红利,399324.SZ
516820.SH,医疗创新ETF平安,1582233998.4,CS医药创新,931484.CSI
159998.SZ,计算机ETF天弘,1533674654.176,CS计算机,930651.CSI
158050.SZ,创业板算力ETF易方达,1518815965.236,创业板算力,970083.CNI
159876.SZ,有色ETF华宝,1507636819.902,中证有色,930708.CSI
515400.SH,大数据ETF富国,1480610376,中证数据,930902.CSI
159837.SZ,生物科技ETF易方达,1467749501.478,中证生科,930743.CSI
159997.SZ,电子ETF天弘,1429712224.276,CS电子,930652.CSI
159758.SZ,红利质量ETF华夏,1400445563.923,红利质量,931468.CSI
510150.SH,消费ETF招商,1381512335.4,消费80,000069.SH
513070.SH,港股通消费ETF易方达,1355100580.8,港股通消费,931454.CSI
159697.SZ,石油ETF鹏华,1303201025.914,国证油气,399439.SZ
588230.SH,科创200ETF华泰柏瑞,1277086577,科创200,000699.SH
159880.SZ,有色ETF鹏华,1218320308.3,国证有色,399395.SZ
159622.SZ,创新药ETF东财,1203178994.936,SHS创新药,931409.CSI
516970.SH,基建ETF广发,1198524037.5,基建工程,399995.SZ
159638.SZ,航空航天ETF嘉实,1192421855.152,智选航空航天科技,931521.CSI
515700.SH,新能源车ETF平安,1189287542.8,新能源车,930997.CSI
513080.SH,法国ETF华安,1178275916,法国CAC40,FCHI.GI
560570.SH,A500红利ETF国联安,1176999576.4,A500红利低波,932422.CSI
515630.SH,证券保险ETF鹏华,1168690601.1,800非银,399966.SZ
159325.SZ,半导体ETF南方,1137332003.584,半导体行业精选,932066.CSI
516570.SH,石化ETF易方达,1123095878.4,石化产业,h11057.CSI
588010.SH,科创新材料ETF博时,1105230606,科创材料,000689.SH
513970.SH,恒生消费ETF景顺,1081881570,恒生消费指数,HSCGSI.HI
515210.SH,钢铁ETF国泰,1067701301.8,中证钢铁,930606.CSI
561420.SH,300现金流ETF汇添富,1067617457,300现金流,932366.CSI
516130.SH,消费龙头ETF华宝,1050486300,消费龙头,931068.CSI
159750.SZ,港股科技50ETF招商,1048558202.322,港股科技CNY,931574CNY00.CSI
159790.SZ,碳中和ETF华夏,1038528800.1,内地低碳,000977.CSI
159329.SZ,沙特ETF南方,1021254566.508,富时沙特阿拉伯(里亚尔)(净总回报),WISAUNT.FI
159529.SZ,标普消费ETF景顺,1020913283.078,标普500消费精选,SP5CSSUP.SPI
159273.SZ,云计算ETF汇添富,976653841.376,SHS云计算,931470.CSI
159309.SZ,油气ETF汇添富,947517184.632,油气资源,931248.CSI
517300.SH,沪港深300ETF国寿,934268954,沪港深300,931395.CSI
510230.SH,金融ETF国泰,919989408,180金融,000018.SH
513200.SH,港股通医药ETF易方达,897030436.5,港股通医药C,930965.CSI
159597.SZ,创业板成长ETF易方达,868840166.778,创业成长,399667.SZ
513730.SH,东南亚科技ETF华泰柏瑞,857607660,新交所泛东南亚科技指数,ASIATECP.SG
159939.SZ,信息技术ETF广发,857396902.084,全指信息,000993.SH
159807.SZ,科技ETF易方达,849601233.772,科技50,931380.CSI
159930.SZ,能源ETF汇添富,846044993.85,中证能源,000928.SH
512220.SH,TMTETF景顺,845216811.6,科技传媒通信150,h30318.CSI
159695.SZ,通信ETF嘉实,841284311.806,国证通信,399389.SZ
510410.SH,资源ETF博时,840013027.2,上证资源,000068.SH
159387.SZ,创业板新能源ETF国泰,838314046.768,创新能源,399266.SZ
588830.SH,科创新能源ETF鹏华,807479544.7,科创新能,000692.SH
516520.SH,智能驾驶ETF华泰柏瑞,804468823.5,CS智汽车,930721.CSI
159903.SZ,深成ETF南方,778011872.183,深证成指,399001.SZ
563380.SH,航空航天ETF华泰柏瑞,769388850,全指航空,932088.CSI
159887.SZ,银行ETF富国,762659587.7,800银行,h30022.CSI
515260.SH,电子ETF华宝,734759729.6,电子50,931461.CSI
159909.SZ,TMT50ETF招商,701007139.4,TMT50,399610.SZ
512330.SH,信息科技ETF南方,684127584,500信息,h30257.CSI
159378.SZ,通用航空ETF永赢,678614680.224,通用航空,980076.CNI
560120.SH,中证500现金流ETF华夏,675651154,500现金流,932367.CSI
159745.SZ,建材ETF国泰,667791209.535,建筑材料,931009.CSI
159996.SZ,家电ETF国泰,654052552.244,家用电器,930697.CSI
517900.SH,银行AH优选ETF招商,620917808,银行AH,931039.CSI
515150.SH,一带一路ETF富国,617192553.6,国企一带一路,000859.CSI
512090.SH,MSCIA股ETF易方达,614148423.3,MSCI中国A股国际通实时(人民币),716567.CSI
512580.SH,环保ETF广发,609690092.7,中证环保,000827.SH
520870.SH,巴西ETF易方达,599176574.8,巴西IBOVESPA指数,IBOVESPA.GI
512190.SH,浙商之江凤凰ETF,592282440,凤凰50,930758.CSI
159707.SZ,地产ETF华宝,590637769.502,800地产,399965.SZ
159546.SZ,集成电路ETF国泰,582693917.694,集成电路,932087.CSI
588770.SH,科创信息ETF摩根,576766232.1,科创信息,000682.SH
159606.SZ,中证500成长ETF易方达,561900831.3,500质量成长,930939.CSI
159107.SZ,创业板软件ETF富国,561240794.38,创业软件,399264.SZ
560700.SH,央企红利ETF广发,552407944.2,央企股东回报,932039.CSI
158023.SZ,红利低波ETF万家,533949577.165,800红利低波,931848.CSI
515750.SH,科技50ETF富国,533345562,中证科技,931186.CSI
159569.SZ,港股红利低波ETF景顺,528509634.303,港股通红利低波,987016.CNI
560170.SH,央企科技ETF南方,500967357,央企科技引领,932038.CSI
516460.SH,现金流ETF800鹏华,499014977,800现金流,932368.CSI
515950.SH,医药50ETF富国,495836153.8,医药50,931140.CSI
520560.SH,香港大盘30ETF华宝,481683267,恒生中国(香港上市)30指数,HSFML25.HI
513220.SH,中概互联ETF招商,472687366,全球中国互联网,930796.CSI
159366.SZ,港股医疗ETF永赢,465402951.264,港股通医疗主题,932069.CSI
159628.SZ,国证2000ETF万家,464864266.75,国证2000,399303.SZ
588130.SH,科创医药ETF华夏,460865939.2,科创生物,000683.SH
159109.SZ,恒生50ETF景顺,444856591.638,恒生港股通50,HSSC50.HI
562310.SH,沪深300成长ETF银华,434901481.2,300成长,000918.CSI
510630.SH,消费ETF华夏,432471669.5,上证消费,000036.SH
510170.SH,大宗商品ETF国联安,423060809.6,上证商品,000066.SH
562570.SH,信创ETF华夏,421602573,中证信创,931247.CSI
515580.SH,科技100ETF华泰柏瑞,410158641.2,科技100,931187.CSI
560210.SH,农牧渔ETF景顺,404299782,农牧渔,930910.CSI
159336.SZ,央企红利ETF融通,392724209.8,诚通央企红利,931132.CSI
159768.SZ,房地产ETF银华,383427587.151,内地地产,000948.CSI
563700.SH,红利价值ETF易方达,374677050,红利价值,h30270.CSI
520610.SH,港股红利低波ETF银华,372857849,标普港股通低波红利指数(港币),SPAHLVHP.SPI
159973.SZ,民企ETF弘毅远方,369556429.704,民企100,399362.SZ
159814.SZ,创业大盘ETF西部利得,366253550.08,创业大盘,399293.SZ
159511.SZ,通信ETF南方,356339203.85,800通信,000936.CSI
589600.SH,科创综指ETF富国,353413345,科创价格,000681.SH
159940.SZ,金融地产ETF广发,350918819.362,全指金融,000992.SH
512120.SH,医药ETF华安,350774306.4,细分医药,000814.SH
562000.SH,A100ETF华宝,348529885.2,中证A100,000903.SH
562990.SH,碳中和ETF易方达,344513472,SEEE碳中和,931755.CSI
560800.SH,数字经济ETF鹏扬,342844107.3,数字经济,931582.CSI
159902.SZ,中小100ETF华夏,340026585.594,中小100,399005.SZ
159966.SZ,创业板价值ETF华夏,338738152.357,创价值,399295.SZ
563960.SH,300质量ETF兴全,327845208,300质量,932431.CSI
159843.SZ,食品饮料ETF招商,321343769.589,国证食品,399396.SZ
159172.SZ,养殖ETF汇添富,318896801.069,畜牧养殖,931946.CSI
159726.SZ,港股通红利ETF华夏,316863717.48,恒生中国内地企业高股息率指数,HSMCHYI.HI
159170.SZ,港股通互联网ETF永赢,314019792.456,港股通互联网,987022.CNI